教師id,職稱,姓名,領域
1,,何孟庭,
2,,劉怡君,
3,,吳垣仙,
4,,吳慧玲,
5,,吳淑華,
6,,吳蓓欣,
7,,姜佩君,
8,,戴月祝,
9,,施錦治,
10,,曾揚容,
11,,李玉薇,
12,,林倖微,
13,,林虹均,
14,,楊迺芳,
15,,毛麗雲,
16,,沈宣夙,
17,,沈惠君,
18,,洪景明,
19,,王秀如,
20,,王秀梗,
21,,留一心,
22,,翁秀芬,
23,,葉瓊瑤,
24,,蔡家姍,
25,,蔡惠雅,
26,,蔡明秀,
27,,蘇照惠,
28,,謝錦珠,
29,,郭靜櫻,
30,,陳信蕙,
31,,陳怡君,
32,,陳惠慈,
33,,陳雨青,
34,,馮宜翎,
35,,高梅涵,
36,,黃淑琳,
37,,黃運花,
38,,黃雅玲,
39,,徐淑芳,
40,,李菁菀,
41,,林佳蓉,
42,,梁景美,
43,,楊行慧,
44,,洪建和,
45,,王家貞,
46,,王淑芬,
47,,王美容,
48,,王貞月,
49,,羅惠文,
50,,羅麗鈴,
51,,莊梅裙,
52,,陳冠霓,
53,,陳若幸,
54,,顏伯芳,
55,,高曉雯,
56,,黃玫菁,
57,,黃美玲,
58,,丁臺玉,
59,,劉允勝,
60,,張豊明,
61,,張進寶,
62,,柳碧琳,
63,,王惠美,
64,,畢玉玲,
65,,萬明雨,
66,,譚玥玲,
67,,郭怡君,
68,,鄭文烽,
69,,陳昭妃,
70,,陳淑貞,
71,,陳震昌,
72,,黃亞琴,
73,,黃信達,
74,,黃素芬,
75,,黃靜娟,
76,,劉哲毓,
77,,劉國馨,
78,,劉慧芬,
79,,周昭秀,
80,,李英建,
81,,林文祥,
82,,林晉源,
83,,林秋吟,
84,,洪煜鈞,
85,,王淑娟,
86,,莊維聖,
87,,蔡佳雯,
88,,蔡珠娟,
89,,蘇伯文,
90,,謝宗益,
91,,邱永務,
92,,陳順興,
93,,顏碩志,
94,,黃怡綸,
95,,黃文正,
96,,黃雅稜,
97,,劉秋娟,
98,,吳子蘭,
99,,張珮琪,
100,,施昭吟,
101,,朱雅鈴,
102,,林慶煌,
103,,林舒晴,
104,,梁鳳如,
105,,汪潁旼,
106,,洪千茹,
107,,潘佩娟,
108,,賀欣音,
109,,陳崇蘭,
110,,陳瑩如,
111,,顏靖娥,
112,,黃淑芳,
113,,黃莉玲,
114,,黃金足,
115,,史乃彰,
116,,李秀珍,
117,,楊崇銘,
118,,籃球隊教練李昭榮,
119,,籃球隊教練王怡仁,
120,,葉芳儀,
121,,蔣菁玉,
122,,衛生組助理蔡秀綾,
123,,謝璦如,
124,,邱明安,
125,,體育組助理林艾倫,
126,,傅瓊瑩,
127,,呂佳容,
128,,江秀如,
129,,盧怡任,
130,,許雅雲,
131,,趙淑媛,
132,,陳宥如,
133,,陳筱嵐,
134,,黃芳莉,
135,,余秀蘭,
136,,劉輝貽,
137,,李昭鈺,
138,,李良娟,
139,,林惠宜,
140,,盧慧玫,
141,,翁意期,
142,,莊麗釵,
143,,蔡佩樺,
144,,陳友梅,
145,,陳怡如,
146,,黃雅莉,
147,,吳谷忠,
148,,唐天郁,
149,,張瓊文,
150,,林家鴻,
151,,林淑玲,
152,,楊佳霖,
153,,王冠琛,
154,,蔡沛珆,
155,,賴靜珊,
156,,鄭勉君,
157,,金秀麗,
158,,陳彥蓉,
159,,陳昭蓉,
160,,黃資斐,